Workbook

Sheet Scrumboard
A2: Scrumboard Sprint 2
A5: Tarea n.º | B5: Por confirmar | C5: Por hacer | D5: En curso | E5: En revisión | F5: Completado | G5: Finalizado | H5: Bloqueado
A6: Tareas | B6: =COUNTIFS(Registro!$F$6:$F$23,B5) -> 0 | C6: =COUNTIFS(Registro!$F$6:$F$23,C5) -> 2 | D6: =COUNTIFS(Registro!$F$6:$F$23,D5) -> 10 | E6: =COUNTIFS(Registro!$F$6:$F$23,E5) -> 0 | F6: =COUNTIFS(Registro!$F$6:$F$23,F5) -> 6 | G6: =COUNTIFS(Registro!$F$6:$F$23,G5) -> 0 | H6: =COUNTIFS(Registro!$F$6:$F$23,H5) -> 0
A8: 1 | B8: =IF(Registro!$F6=B$5,Registro!$I6,"") | C8: =IF(Registro!$F6=C$5,Registro!$I6,"") | D8: =IF(Registro!$F6=D$5,Registro!$I6,"") | E8: =IF(Registro!$F6=E$5,Registro!$I6,"") | F8: =IF(Registro!$F6=F$5,Registro!$I6,"") -> SB2-01 US-01 Conectar la pantalla administrativa de vehículos con la API | G8: =IF(Registro!$F6=G$5,Registro!$I6,"") | H8: =IF(Registro!$F6=H$5,Registro!$I6,"")
A9: 2 | B9: =IF(Registro!$F7=B$5,Registro!$I7,"") | C9: =IF(Registro!$F7=C$5,Registro!$I7,"") | D9: =IF(Registro!$F7=D$5,Registro!$I7,"") -> SB2-02 US-01 Validar asignación de recursos a Macul o Peñalolén | E9: =IF(Registro!$F7=E$5,Registro!$I7,"") | F9: =IF(Registro!$F7=F$5,Registro!$I7,"") | G9: =IF(Registro!$F7=G$5,Registro!$I7,"") | H9: =IF(Registro!$F7=H$5,Registro!$I7,"")
A10: 3 | B10: =IF(Registro!$F8=B$5,Registro!$I8,"") | C10: =IF(Registro!$F8=C$5,Registro!$I8,"") | D10: =IF(Registro!$F8=D$5,Registro!$I8,"") -> SB2-03 US-01 Integrar gestión de instructores con el módulo de flota | E10: =IF(Registro!$F8=E$5,Registro!$I8,"") | F10: =IF(Registro!$F8=F$5,Registro!$I8,"") | G10: =IF(Registro!$F8=G$5,Registro!$I8,"") | H10: =IF(Registro!$F8=H$5,Registro!$I8,"")
A11: 4 | B11: =IF(Registro!$F9=B$5,Registro!$I9,"") | C11: =IF(Registro!$F9=C$5,Registro!$I9,"") | D11: =IF(Registro!$F9=D$5,Registro!$I9,"") -> SB2-04 US-02 Implementar formulario administrativo de bloqueos | E11: =IF(Registro!$F9=E$5,Registro!$I9,"") | F11: =IF(Registro!$F9=F$5,Registro!$I9,"") | G11: =IF(Registro!$F9=G$5,Registro!$I9,"") | H11: =IF(Registro!$F9=H$5,Registro!$I9,"")
A12: 5 | B12: =IF(Registro!$F10=B$5,Registro!$I10,"") | C12: =IF(Registro!$F10=C$5,Registro!$I10,"") | D12: =IF(Registro!$F10=D$5,Registro!$I10,"") | E12: =IF(Registro!$F10=E$5,Registro!$I10,"") | F12: =IF(Registro!$F10=F$5,Registro!$I10,"") -> SB2-05 US-02 Aplicar bloqueos en disponibilidad y agendamiento | G12: =IF(Registro!$F10=G$5,Registro!$I10,"") | H12: =IF(Registro!$F10=H$5,Registro!$I10,"")
A13: 6 | B13: =IF(Registro!$F11=B$5,Registro!$I11,"") | C13: =IF(Registro!$F11=C$5,Registro!$I11,"") | D13: =IF(Registro!$F11=D$5,Registro!$I11,"") | E13: =IF(Registro!$F11=E$5,Registro!$I11,"") | F13: =IF(Registro!$F11=F$5,Registro!$I11,"") -> SB2-06 US-02 Verificar un bloqueo y sus efectos en la agenda | G13: =IF(Registro!$F11=G$5,Registro!$I11,"") | H13: =IF(Registro!$F11=H$5,Registro!$I11,"")
A14: 7 | B14: =IF(Registro!$F12=B$5,Registro!$I12,"") | C14: =IF(Registro!$F12=C$5,Registro!$I12,"") | D14: =IF(Registro!$F12=D$5,Registro!$I12,"") | E14: =IF(Registro!$F12=E$5,Registro!$I12,"") | F14: =IF(Registro!$F12=F$5,Registro!$I12,"") -> SB2-07 US-03 Conectar inicio de sesión con /api/usuarios/login | G14: =IF(Registro!$F12=G$5,Registro!$I12,"") | H14: =IF(Registro!$F12=H$5,Registro!$I12,"")
A15: 8 | B15: =IF(Registro!$F13=B$5,Registro!$I13,"") | C15: =IF(Registro!$F13=C$5,Registro!$I13,"") | D15: =IF(Registro!$F13=D$5,Registro!$I13,"") | E15: =IF(Registro!$F13=E$5,Registro!$I13,"") | F15: =IF(Registro!$F13=F$5,Registro!$I13,"") -> SB2-08 US-03 Proteger rutas según rol y revisar seguridad de acceso | G15: =IF(Registro!$F13=G$5,Registro!$I13,"") | H15: =IF(Registro!$F13=H$5,Registro!$I13,"")
A16: 9 | B16: =IF(Registro!$F14=B$5,Registro!$I14,"") | C16: =IF(Registro!$F14=C$5,Registro!$I14,"") | D16: =IF(Registro!$F14=D$5,Registro!$I14,"") -> SB2-09 US-03 Mostrar la Tarjeta Web y progreso del alumno | E16: =IF(Registro!$F14=E$5,Registro!$I14,"") | F16: =IF(Registro!$F14=F$5,Registro!$I14,"") | G16: =IF(Registro!$F14=G$5,Registro!$I14,"") | H16: =IF(Registro!$F14=H$5,Registro!$I14,"")
A17: 10 | B17: =IF(Registro!$F15=B$5,Registro!$I15,"") | C17: =IF(Registro!$F15=C$5,Registro!$I15,"") | D17: =IF(Registro!$F15=D$5,Registro!$I15,"") -> SB2-10 US-04 Construir agenda diaria del instructor | E17: =IF(Registro!$F15=E$5,Registro!$I15,"") | F17: =IF(Registro!$F15=F$5,Registro!$I15,"") | G17: =IF(Registro!$F15=G$5,Registro!$I15,"") | H17: =IF(Registro!$F15=H$5,Registro!$I15,"")
A18: 11 | B18: =IF(Registro!$F16=B$5,Registro!$I16,"") | C18: =IF(Registro!$F16=C$5,Registro!$I16,"") | D18: =IF(Registro!$F16=D$5,Registro!$I16,"") -> SB2-11 US-04 Consultar clases desde backend por instructor | E18: =IF(Registro!$F16=E$5,Registro!$I16,"") | F18: =IF(Registro!$F16=F$5,Registro!$I16,"") | G18: =IF(Registro!$F16=G$5,Registro!$I16,"") | H18: =IF(Registro!$F16=H$5,Registro!$I16,"")
A19: 12 | B19: =IF(Registro!$F17=B$5,Registro!$I17,"") | C19: =IF(Registro!$F17=C$5,Registro!$I17,"") | D19: =IF(Registro!$F17=D$5,Registro!$I17,"") -> SB2-12 US-06 Mostrar disponibilidad de vehículos por bloque | E19: =IF(Registro!$F17=E$5,Registro!$I17,"") | F19: =IF(Registro!$F17=F$5,Registro!$I17,"") | G19: =IF(Registro!$F17=G$5,Registro!$I17,"") | H19: =IF(Registro!$F17=H$5,Registro!$I17,"")
... A25: 18 | B25: =IF(Registro!$F23=B$5,Registro!$I23,"") | C25: =IF(Registro!$F23=C$5,Registro!$I23,"") -> SB2-18 Gestión Actualizar estados del tablero y enlaces de evidencia | D25: =IF(Registro!$F23=D$5,Registro!$I23,"") | E25: =IF(Registro!$F23=E$5,Registro!$I23,"") | F25: =IF(Registro!$F23=F$5,Registro!$I23,"") | G25: =IF(Registro!$F23=G$5,Registro!$I23,"") | H25: =IF(Registro!$F23=H$5,Registro!$I23,"")

Sheet Registro
A2: Registro de tareas del Scrumboard 2
A5: ID interno | B5: HU | C5: Actividad | D5: Área sugerida | E5: Responsable | F5: Estado | G5: N.º en estado | H5: Clave | I5: Tarjeta dinámica | J5: Criterio de cierre | K5: Evidencia anterior
A6: SB2-01 | B6: US-01 | C6: Conectar la pantalla administrativa de vehículos con la API | D6: Frontend | F6: Completado | G6: =COUNTIFS($F$6:F6,F6) -> 1 | H6: =F6&"|"&G6 -> Completado|1 | I6: =A6&" "&B6&" "&C6 -> SB2-01 US-01 Conectar la pantalla administrativa de vehículos con la API | J6: Crear, editar y desactivar vehículos por sede | K6: La copia contiene rutas /api/vehiculos
A7: SB2-02 | B7: US-01 | C7: Validar asignación de recursos a Macul o Peñalolén | D7: Backend / QA | F7: En curso | G7: =COUNTIFS($F$6:F7,F7) -> 1 | H7: =F7&"|"&G7 -> En curso|1 | I7: =A7&" "&B7&" "&C7 -> SB2-02 US-01 Validar asignación de recursos a Macul o Peñalolén | J7: Datos por sede consistentes y sin duplicidades | K7: La API permite consultar vehículos por sede
A8: SB2-03 | B8: US-01 | C8: Integrar gestión de instructores con el módulo de flota | D8: Full stack | F8: En curso | G8: =COUNTIFS($F$6:F8,F8) -> 2 | H8: =F8&"|"&G8 -> En curso|2 | I8: =A8&" "&B8&" "&C8 -> SB2-03 US-01 Integrar gestión de instructores con el módulo de flota | J8: Recursos humanos disponibles para planificación | K8: Hay rutas de usuarios y sedes; interfaz por verificar
A9: SB2-04 | B9: US-02 | C9: Implementar formulario administrativo de bloqueos | D9: Frontend | F9: En curso | G9: =COUNTIFS($F$6:F9,F9) -> 3 | H9: =F9&"|"&G9 -> En curso|3 | I9: =A9&" "&B9&" "&C9 -> SB2-04 US-02 Implementar formulario administrativo de bloqueos | J9: Seleccionar fecha, horario, vehículo e instructor | K9: La vista AgendamientoAdmin muestra «Próximamente»
A10: SB2-05 | B10: US-02 | C10: Aplicar bloqueos en disponibilidad y agendamiento | D10: Backend | F10: Completado | G10: =COUNTIFS($F$6:F10,F10) -> 2 | H10: =F10&"|"&G10 -> Completado|2 | I10: =A10&" "&B10&" "&C10 -> SB2-05 US-02 Aplicar bloqueos en disponibilidad y agendamiento | J10: No permitir reservas en recursos bloqueados | K10: La copia contiene servicios de bloqueos y clases
A11: SB2-06 | B11: US-02 | C11: Verificar un bloqueo y sus efectos en la agenda | D11: QA | F11: Completado | G11: =COUNTIFS($F$6:F11,F11) -> 3 | H11: =F11&"|"&G11 -> Completado|3 | I11: =A11&" "&B11&" "&C11 -> SB2-06 US-02 Verificar un bloqueo y sus efectos en la agenda | J11: Evidencia de recurso bloqueado y reducción de disponibilidad | K11: Caso propuesto; no consta una ejecución validada
A12: SB2-07 | B12: US-03 | C12: Conectar inicio de sesión con /api/usuarios/login | D12: Frontend | F12: Completado | G12: =COUNTIFS($F$6:F12,F12) -> 4 | H12: =F12&"|"&G12 -> Completado|4 | I12: =A12&" "&B12&" "&C12 -> SB2-07 US-03 Conectar inicio de sesión con /api/usuarios/login | J12: Credenciales válidas e inválidas tratadas correctamente | K12: Formulario actual solo evita el envío
A13: SB2-08 | B13: US-03 | C13: Proteger rutas según rol y revisar seguridad de acceso | D13: Backend | F13: Completado | G13: =COUNTIFS($F$6:F13,F13) -> 5 | H13: =F13&"|"&G13 -> Completado|5 | I13: =A13&" "&B13&" "&C13 -> SB2-08 US-03 Proteger rutas según rol y revisar seguridad de acceso | J13: Acceso privado y restricciones por usuario | K13: No se observó middleware RBAC en la copia
A14: SB2-09 | B14: US-03 | C14: Mostrar la Tarjeta Web y progreso del alumno | D14: Full stack | F14: En curso | G14: =COUNTIFS($F$6:F14,F14) -> 4 | H14: =F14&"|"&G14 -> En curso|4 | I14: =A14&" "&B14&" "&C14 -> SB2-09 US-03 Mostrar la Tarjeta Web y progreso del alumno | J14: Alumno visualiza solo su propio avance | K14: DashboardAlumno muestra «Próximamente»
A15: SB2-10 | B15: US-04 | C15: Construir agenda diaria del instructor | D15: Frontend | F15: En curso | G15: =COUNTIFS($F$6:F15,F15) -> 5 | H15: =F15&"|"&G15 -> En curso|5 | I15: =A15&" "&B15&" "&C15 -> SB2-10 US-04 Construir agenda diaria del instructor | J15: Mostrar clases del día con estudiante y vehículo | K15: PanelInstructor muestra «Próximamente»
A16: SB2-11 | B16: US-04 | C16: Consultar clases desde backend por instructor | D16: Full stack | F16: En curso | G16: =COUNTIFS($F$6:F16,F16) -> 6 | H16: =F16&"|"&G16 -> En curso|6 | I16: =A16&" "&B16&" "&C16 -> SB2-11 US-04 Consultar clases desde backend por instructor | J16: Agenda refleja datos reales y estados vacíos | K16: La API de clases está presente; integración pendiente
A17: SB2-12 | B17: US-06 | C17: Mostrar disponibilidad de vehículos por bloque | D17: Frontend | F17: En curso | G17: =COUNTIFS($F$6:F17,F17) -> 7 | H17: =F17&"|"&G17 -> En curso|7 | I17: =A17&" "&B17&" "&C17 -> SB2-12 US-06 Mostrar disponibilidad de vehículos por bloque | J17: Disponibilidad actualizada según sede y horario | K17: Existe GET de vehículos disponibles
... A23: SB2-18 | B23: Gestión | C23: Actualizar estados del tablero y enlaces de evidencia | D23: Equipo | F23: Por hacer | G23: =COUNTIFS($F$6:F23,F23) -> 2 | H23: =F23&"|"&G23 -> Por hacer|2 | I23: =A23&" "&B23&" "&C23 -> SB2-18 Gestión Actualizar estados del tablero y enlaces de evidencia | J23: Tareas y commits trazables para la evaluación | K23: La captura Jira pertenece a un estado anterior
